frame_id,emotions_1,emotions_2,emotions_3,emotions_4
0,angry,fear,neutral,neutral
1,angry,fear,neutral,neutral
2,angry,fear,neutral,neutral
3,angry,fear,neutral,neutral
4,angry,fear,neutral,neutral
5,fear,fear,neutral,fear
6,fear,fear,neutral,fear
7,fear,fear,neutral,fear
8,fear,fear,neutral,fear
9,fear,fear,neutral,fear
10,fear,fear,sad,fear
11,fear,fear,sad,fear
12,fear,fear,sad,fear
13,fear,fear,sad,fear
14,fear,fear,sad,fear
15,angry,happy,neutral,neutral
16,angry,happy,neutral,neutral
17,angry,happy,neutral,neutral
18,angry,happy,neutral,neutral
19,angry,happy,neutral,neutral
20,neutral,fear,neutral,neutral
21,neutral,fear,neutral,neutral
22,neutral,fear,neutral,neutral
23,neutral,fear,neutral,neutral
24,neutral,fear,neutral,neutral
25,angry,fear,happy,neutral
26,angry,fear,happy,neutral
27,angry,fear,happy,neutral
28,angry,fear,happy,neutral
29,angry,fear,happy,neutral
30,sad,fear,neutral,neutral
31,sad,fear,neutral,neutral
32,sad,fear,neutral,neutral
33,sad,fear,neutral,neutral
34,sad,fear,neutral,neutral
35,angry,fear,neutral,neutral
36,angry,fear,neutral,neutral
37,angry,fear,neutral,neutral
38,angry,fear,neutral,neutral
39,angry,fear,neutral,neutral
40,sad,fear,neutral,neutral
41,sad,fear,neutral,neutral
42,sad,fear,neutral,neutral
43,sad,fear,neutral,neutral
44,sad,fear,neutral,neutral
45,sad,happy,neutral,sad
46,sad,happy,neutral,sad
47,sad,happy,neutral,sad
48,sad,happy,neutral,sad
49,sad,happy,neutral,sad
50,sad,neutral,fear,neutral
51,sad,neutral,fear,neutral
52,sad,neutral,fear,neutral
53,sad,neutral,fear,neutral
54,sad,neutral,fear,neutral
55,angry,fear,neutral,neutral
56,angry,fear,neutral,neutral
57,angry,fear,neutral,neutral
58,angry,fear,neutral,neutral
59,angry,fear,neutral,neutral
60,fear,neutral,neutral,neutral
61,fear,neutral,neutral,neutral
62,fear,neutral,neutral,neutral
63,fear,neutral,neutral,neutral
64,fear,neutral,neutral,neutral
65,neutral,angry,neutral,neutral
66,neutral,angry,neutral,neutral
67,neutral,angry,neutral,neutral
68,neutral,angry,neutral,neutral
69,neutral,angry,neutral,neutral
70,angry,neutral,sad,neutral
71,angry,neutral,sad,neutral
72,angry,neutral,sad,neutral
73,angry,neutral,sad,neutral
74,angry,neutral,sad,neutral
75,neutral,angry,sad,neutral
76,neutral,angry,sad,neutral
77,neutral,angry,sad,neutral
78,neutral,angry,sad,neutral
79,neutral,angry,sad,neutral
80,angry,neutral,sad,neutral
81,angry,neutral,sad,neutral
82,angry,neutral,sad,neutral
83,angry,neutral,sad,neutral
84,angry,neutral,sad,neutral
85,angry,neutral,neutral,neutral
86,angry,neutral,neutral,neutral
87,angry,neutral,neutral,neutral
88,angry,neutral,neutral,neutral
89,angry,neutral,neutral,neutral
90,angry,happy,neutral,neutral
91,angry,happy,neutral,neutral
92,angry,happy,neutral,neutral
93,angry,happy,neutral,neutral
94,angry,happy,neutral,neutral
95,sad,neutral,neutral,neutral
96,sad,neutral,neutral,neutral
97,sad,neutral,neutral,neutral
98,sad,neutral,neutral,neutral
99,sad,neutral,neutral,neutral
100,neutral,fear,happy,neutral
101,neutral,fear,happy,neutral
102,neutral,fear,happy,neutral
103,neutral,fear,happy,neutral
104,neutral,fear,happy,neutral
105,neutral,neutral,happy,neutral
106,neutral,neutral,happy,neutral
107,neutral,neutral,happy,neutral
108,neutral,neutral,happy,neutral
109,neutral,neutral,happy,neutral
110,neutral,neutral,neutral,neutral
111,neutral,neutral,neutral,neutral
112,neutral,neutral,neutral,neutral
113,neutral,neutral,neutral,neutral
114,neutral,neutral,neutral,neutral
115,happy,sad,angry,neutral
116,happy,sad,angry,neutral
117,happy,sad,angry,neutral
118,happy,sad,angry,neutral
119,happy,sad,angry,neutral
120,neutral,neutral,neutral,neutral
121,neutral,neutral,neutral,neutral
122,neutral,neutral,neutral,neutral
123,neutral,neutral,neutral,neutral
124,neutral,neutral,neutral,neutral
125,neutral,neutral,neutral,neutral
126,neutral,neutral,neutral,neutral
127,neutral,neutral,neutral,neutral
128,neutral,neutral,neutral,neutral
129,neutral,neutral,neutral,neutral
130,neutral,happy,happy,neutral
131,neutral,happy,happy,neutral
132,neutral,happy,happy,neutral
133,neutral,happy,happy,neutral
134,neutral,happy,happy,neutral
135,happy,neutral,fear,sad
136,happy,neutral,fear,sad
137,happy,neutral,fear,sad
138,happy,neutral,fear,sad
139,happy,neutral,fear,sad
140,neutral,happy,angry,sad
141,neutral,happy,angry,sad
142,neutral,happy,angry,sad
143,neutral,happy,angry,sad
144,neutral,happy,angry,sad
145,neutral,happy,happy,sad
146,neutral,happy,happy,sad
147,neutral,happy,happy,sad
148,neutral,happy,happy,sad
149,neutral,happy,happy,sad
150,neutral,happy,happy,
151,neutral,happy,happy,
152,neutral,happy,happy,
153,neutral,happy,happy,
154,neutral,happy,happy,
155,neutral,happy,fear,
156,neutral,happy,fear,
157,neutral,happy,fear,
158,neutral,happy,fear,
159,neutral,happy,fear,
160,neutral,happy,happy,
161,neutral,happy,happy,
162,neutral,happy,happy,
163,neutral,happy,happy,
164,neutral,happy,happy,
165,neutral,happy,happy,
166,neutral,happy,happy,
167,neutral,happy,happy,
168,neutral,happy,happy,
169,neutral,happy,happy,
170,neutral,happy,happy,
171,neutral,happy,happy,
172,neutral,happy,happy,
173,neutral,happy,happy,
174,neutral,happy,happy,
175,neutral,happy,happy,
176,neutral,happy,happy,
177,neutral,happy,happy,
178,neutral,happy,happy,
179,neutral,happy,happy,
180,happy,,,
181,happy,,,
182,happy,,,
183,happy,,,
184,happy,,,
185,happy,,,
186,happy,,,
187,happy,,,
188,happy,,,
189,happy,,,
190,happy,,,
191,happy,,,
192,happy,,,
193,happy,,,
194,happy,,,
195,happy,,,
196,happy,,,
197,happy,,,
198,happy,,,
199,happy,,,
200,happy,,,
201,happy,,,
202,happy,,,
203,happy,,,
204,happy,,,
205,happy,,,
206,happy,,,
207,happy,,,
208,happy,,,
209,happy,,,
210,happy,,,
211,happy,,,
212,happy,,,
213,happy,,,
214,happy,,,
215,happy,,,
216,happy,,,
217,happy,,,
218,happy,,,
219,happy,,,
220,happy,,,
221,happy,,,
222,happy,,,
223,happy,,,
224,happy,,,
225,happy,,,
226,happy,,,
227,happy,,,
228,happy,,,
229,happy,,,
230,happy,,,
231,happy,,,
232,happy,,,
233,happy,,,
234,happy,,,
235,happy,,,
236,happy,,,
237,happy,,,
238,happy,,,
239,happy,,,
240,happy,,,
241,happy,,,
242,happy,,,
243,happy,,,
244,happy,,,
245,happy,,,
246,happy,,,
247,happy,,,
248,happy,,,
249,happy,,,
250,happy,,,
251,happy,,,
252,happy,,,
253,happy,,,
254,happy,,,
255,happy,,,
256,happy,,,
257,happy,,,
258,happy,,,
259,happy,,,
260,happy,,,
261,happy,,,
262,happy,,,
263,happy,,,
264,happy,,,
265,happy,,,
266,happy,,,
267,happy,,,
268,happy,,,
269,happy,,,
270,happy,,,
271,happy,,,
272,happy,,,
273,happy,,,
274,happy,,,
275,happy,,,
276,happy,,,
277,happy,,,
278,happy,,,
279,happy,,,
280,happy,,,
281,happy,,,
282,happy,,,
283,happy,,,
284,happy,,,
285,happy,,,
286,happy,,,
287,happy,,,
288,happy,,,
289,happy,,,
290,happy,,,
291,happy,,,
292,happy,,,
293,happy,,,
294,happy,,,
295,happy,,,
296,happy,,,
297,happy,,,
298,happy,,,
299,happy,,,
300,happy,,,
301,happy,,,
302,happy,,,
303,happy,,,
304,happy,,,
305,happy,,,
306,happy,,,
307,happy,,,
308,happy,,,
309,happy,,,
310,happy,,,
311,happy,,,
312,happy,,,
313,happy,,,
314,happy,,,
315,happy,,,
316,happy,,,
317,happy,,,
318,happy,,,
319,happy,,,
320,happy,,,
321,happy,,,
322,happy,,,
323,happy,,,
324,happy,,,
325,happy,,,
326,happy,,,
327,happy,,,
328,happy,,,
329,happy,,,
330,happy,,,
331,happy,,,
332,happy,,,
333,happy,,,
334,happy,,,
335,happy,,,
336,happy,,,
337,happy,,,
338,happy,,,
339,happy,,,
340,happy,,,
341,happy,,,
342,happy,,,
343,happy,,,
344,happy,,,
345,happy,,,
346,happy,,,
347,happy,,,
348,happy,,,
349,happy,,,
350,happy,,,
351,happy,,,
352,happy,,,
353,happy,,,
354,happy,,,
355,happy,,,
356,happy,,,
357,happy,,,
358,happy,,,
359,happy,,,
360,,,,
361,,,,
362,,,,
363,,,,
364,,,,
365,,,,
366,,,,
367,,,,
368,,,,
369,,,,
370,,,,
371,,,,
372,,,,
373,,,,
374,,,,
375,,,,
376,,,,
377,,,,
378,,,,
379,,,,
380,,,,
381,,,,
382,,,,
383,,,,
384,,,,
385,,,,
386,,,,
387,,,,
388,,,,
389,,,,
390,,,,
391,,,,
392,,,,
393,,,,
394,,,,
395,,,,
396,,,,
397,,,,
398,,,,
399,,,,
400,,,,
401,,,,
402,,,,
403,,,,
404,,,,
405,,,,
406,,,,
407,,,,
408,,,,
409,,,,
410,,,,
411,,,,
412,,,,
413,,,,
414,,,,
415,,,,
416,,,,
417,,,,
418,,,,
419,,,,
420,,,,
421,,,,
422,,,,
423,,,,
424,,,,
425,,,,
426,,,,
427,,,,
428,,,,
429,,,,
430,,,,
431,,,,
432,,,,
433,,,,
434,,,,
435,,,,
436,,,,
437,,,,
438,,,,
439,,,,
440,,,,
441,,,,
442,,,,
443,,,,
444,,,,
445,,,,
446,,,,
447,,,,
448,,,,
449,,,,
450,,,,
451,,,,
452,,,,
453,,,,
454,,,,
455,,,,
456,,,,
457,,,,
458,,,,
459,,,,
460,,,,
461,,,,
462,,,,
463,,,,
464,,,,
465,,,,
466,,,,
467,,,,
468,,,,
469,,,,
470,,,,
471,,,,
472,,,,
473,,,,
474,,,,
475,,,,
476,,,,
477,,,,
478,,,,
479,,,,
480,,,,
481,,,,
482,,,,
483,,,,
484,,,,
485,,,,
486,,,,
487,,,,
488,,,,
489,,,,
490,,,,
491,,,,
492,,,,
493,,,,
494,,,,
495,,,,
496,,,,
497,,,,
498,,,,
499,,,,
500,,,,
501,,,,
502,,,,
503,,,,
504,,,,
505,,,,
506,,,,
507,,,,
508,,,,
509,,,,
510,,,,
511,,,,
512,,,,
513,,,,
514,,,,
515,,,,
516,,,,
517,,,,
518,,,,
519,,,,
520,,,,
521,,,,
522,,,,
523,,,,
524,,,,
525,,,,
526,,,,
527,,,,
528,,,,
529,,,,
530,,,,
531,,,,
532,,,,
533,,,,
534,,,,
535,,,,
536,,,,
537,,,,
538,,,,
539,,,,
540,,,,
541,,,,
542,,,,
543,,,,
544,,,,
545,,,,
546,,,,
547,,,,
548,,,,
549,,,,
550,,,,
551,,,,
552,,,,
553,,,,
554,,,,
555,happy,,,
556,happy,,,
557,happy,,,
558,happy,,,
559,happy,,,
560,fear,,,
561,fear,,,
562,fear,,,
563,fear,,,
564,fear,,,
565,sad,,,
566,sad,,,
567,sad,,,
568,sad,,,
569,sad,,,
570,happy,,,
571,happy,,,
572,happy,,,
573,happy,,,
574,happy,,,
575,neutral,,,
576,neutral,,,
577,neutral,,,
578,neutral,,,
579,neutral,,,
580,neutral,,,
581,neutral,,,
582,neutral,,,
583,neutral,,,
584,neutral,,,
585,neutral,,,
586,neutral,,,
587,neutral,,,
588,neutral,,,
589,neutral,,,
590,fear,,,
591,fear,,,
592,fear,,,
593,fear,,,
594,fear,,,
595,,,,
596,,,,
597,,,,
598,,,,
599,,,,
600,,,,
601,,,,
602,,,,
603,,,,
604,,,,
605,neutral,,,
606,neutral,,,
607,neutral,,,
608,neutral,,,
609,neutral,,,
610,neutral,,,
611,neutral,,,
612,neutral,,,
613,neutral,,,
614,neutral,,,
615,angry,,,
616,angry,,,
617,angry,,,
618,angry,,,
619,angry,,,
620,neutral,,,
621,neutral,,,
622,neutral,,,
623,neutral,,,
624,neutral,,,
625,neutral,,,
626,neutral,,,
627,neutral,,,
628,neutral,,,
629,neutral,,,
630,sad,,,
631,sad,,,
632,sad,,,
633,sad,,,
634,sad,,,
635,sad,,,
636,sad,,,
637,sad,,,
638,sad,,,
639,sad,,,
640,sad,,,
641,sad,,,
642,sad,,,
643,sad,,,
644,sad,,,
645,angry,,,
646,angry,,,
647,angry,,,
648,angry,,,
649,angry,,,
650,sad,,,
651,sad,,,
652,sad,,,
653,sad,,,
654,sad,,,
655,angry,,,
656,angry,,,
657,angry,,,
658,angry,,,
659,angry,,,
660,sad,,,
661,sad,,,
662,sad,,,
663,sad,,,
664,sad,,,
665,fear,,,
666,fear,,,
667,fear,,,
668,fear,,,
669,fear,,,
670,sad,,,
671,sad,,,
672,sad,,,
673,sad,,,
674,sad,,,
675,sad,,,
676,sad,,,
677,sad,,,
678,sad,,,
679,sad,,,
680,happy,,,
681,happy,,,
682,happy,,,
683,happy,,,
684,happy,,,
685,surprise,,,
686,surprise,,,
687,surprise,,,
688,surprise,,,
689,surprise,,,
690,fear,,,
691,fear,,,
692,fear,,,
693,fear,,,
694,fear,,,
695,angry,,,
696,angry,,,
697,angry,,,
698,angry,,,
699,angry,,,
700,fear,,,
701,fear,,,
702,fear,,,
703,fear,,,
704,fear,,,
705,sad,,,
706,sad,,,
707,sad,,,
708,sad,,,
709,sad,,,
710,sad,,,
711,sad,,,
712,sad,,,
713,sad,,,
714,sad,,,
715,sad,,,
716,sad,,,
717,sad,,,
718,sad,,,
719,sad,,,
720,happy,,,
721,happy,,,
722,happy,,,
723,happy,,,
724,happy,,,
725,happy,,,
726,happy,,,
727,happy,,,
728,happy,,,
729,happy,,,
730,happy,,,
731,happy,,,
732,happy,,,
733,happy,,,
734,happy,,,
735,happy,,,
736,happy,,,
737,happy,,,
738,happy,,,
739,happy,,,
740,happy,,,
741,happy,,,
742,happy,,,
743,happy,,,
744,happy,,,
745,happy,,,
746,happy,,,
747,happy,,,
748,happy,,,
749,happy,,,
750,happy,,,
751,happy,,,
752,happy,,,
753,happy,,,
754,happy,,,
755,happy,,,
756,happy,,,
757,happy,,,
758,happy,,,
759,happy,,,
760,happy,,,
761,happy,,,
762,happy,,,
763,happy,,,
764,happy,,,
765,happy,,,
766,happy,,,
767,happy,,,
768,happy,,,
769,happy,,,
770,happy,,,
771,happy,,,
772,happy,,,
773,happy,,,
774,happy,,,
775,happy,,,
776,happy,,,
777,happy,,,
778,happy,,,
779,happy,,,
780,happy,,,
781,happy,,,
782,happy,,,
783,happy,,,
784,happy,,,
785,happy,,,
786,happy,,,
787,happy,,,
788,happy,,,
789,happy,,,
790,happy,,,
791,happy,,,
792,happy,,,
793,happy,,,
794,happy,,,
795,happy,,,
796,happy,,,
797,happy,,,
798,happy,,,
799,happy,,,
800,happy,,,
801,happy,,,
802,happy,,,
803,happy,,,
804,happy,,,
805,happy,,,
806,happy,,,
807,happy,,,
808,happy,,,
809,happy,,,
810,happy,,,
811,happy,,,
812,happy,,,
813,happy,,,
814,happy,,,
815,happy,,,
816,happy,,,
817,happy,,,
818,happy,,,
819,happy,,,
820,happy,,,
821,happy,,,
822,happy,,,
823,happy,,,
824,happy,,,
825,happy,,,
826,happy,,,
827,happy,,,
828,happy,,,
829,happy,,,
830,happy,,,
831,happy,,,
832,happy,,,
833,happy,,,
834,happy,,,
835,happy,,,
836,happy,,,
837,happy,,,
838,happy,,,
839,happy,,,
840,happy,,,
841,happy,,,
842,happy,,,
843,happy,,,
844,happy,,,
845,happy,,,
846,happy,,,
847,happy,,,
848,happy,,,
849,happy,,,
850,happy,,,
851,happy,,,
852,happy,,,
853,happy,,,
854,happy,,,
855,happy,,,
856,happy,,,
857,happy,,,
858,happy,,,
859,happy,,,
860,happy,,,
861,happy,,,
862,happy,,,
863,happy,,,
864,happy,,,
865,happy,,,
866,happy,,,
867,happy,,,
868,happy,,,
869,happy,,,
870,happy,,,
871,happy,,,
872,happy,,,
873,happy,,,
874,happy,,,
875,happy,,,
876,happy,,,
877,happy,,,
878,happy,,,
879,happy,,,
880,happy,,,
881,happy,,,
882,happy,,,
883,happy,,,
884,happy,,,
885,happy,,,
886,happy,,,
887,happy,,,
888,happy,,,
889,happy,,,
890,happy,,,
891,happy,,,
892,happy,,,
893,happy,,,
894,happy,,,
895,happy,,,
896,happy,,,
897,happy,,,
898,happy,,,
899,happy,,,
900,surprise,,,
901,surprise,,,
902,surprise,,,
903,surprise,,,
904,surprise,,,
905,surprise,,,
906,surprise,,,
907,surprise,,,
908,surprise,,,
909,surprise,,,
910,surprise,,,
911,surprise,,,
912,surprise,,,
913,surprise,,,
914,surprise,,,
915,angry,,,
916,angry,,,
917,angry,,,
918,angry,,,
919,angry,,,
920,surprise,,,
921,surprise,,,
922,surprise,,,
923,surprise,,,
924,surprise,,,
925,angry,,,
926,angry,,,
927,angry,,,
928,angry,,,
929,angry,,,
930,angry,,,
931,angry,,,
932,angry,,,
933,angry,,,
934,angry,,,
935,angry,,,
936,angry,,,
937,angry,,,
938,angry,,,
939,angry,,,
940,surprise,,,
941,surprise,,,
942,surprise,,,
943,surprise,,,
944,surprise,,,
945,surprise,,,
946,surprise,,,
947,surprise,,,
948,surprise,,,
949,surprise,,,
950,angry,,,
951,angry,,,
952,angry,,,
953,angry,,,
954,angry,,,
955,surprise,,,
956,surprise,,,
957,surprise,,,
958,surprise,,,
959,surprise,,,
960,angry,,,
961,angry,,,
962,angry,,,
963,angry,,,
964,angry,,,
965,angry,,,
966,angry,,,
967,angry,,,
968,angry,,,
969,angry,,,
970,angry,,,
971,angry,,,
972,angry,,,
973,angry,,,
974,angry,,,
975,surprise,,,
976,surprise,,,
977,surprise,,,
978,surprise,,,
979,surprise,,,
980,fear,,,
981,fear,,,
982,fear,,,
983,fear,,,
984,fear,,,
985,angry,,,
986,angry,,,
987,angry,,,
988,angry,,,
989,angry,,,
990,angry,,,
991,angry,,,
992,angry,,,
993,angry,,,
994,angry,,,
995,angry,,,
996,angry,,,
997,angry,,,
998,angry,,,
999,angry,,,
1000,angry,,,
1001,angry,,,
1002,angry,,,
1003,angry,,,
1004,angry,,,
1005,fear,,,
1006,fear,,,
1007,fear,,,
1008,fear,,,
1009,fear,,,
1010,surprise,,,
1011,surprise,,,
1012,surprise,,,
1013,surprise,,,
1014,surprise,,,
1015,surprise,,,
1016,surprise,,,
1017,surprise,,,
1018,surprise,,,
1019,surprise,,,
1020,angry,,,
1021,angry,,,
1022,angry,,,
1023,angry,,,
1024,angry,,,
1025,surprise,,,
1026,surprise,,,
1027,surprise,,,
1028,surprise,,,
1029,surprise,,,
1030,angry,,,
1031,angry,,,
1032,angry,,,
1033,angry,,,
1034,angry,,,
1035,angry,,,
1036,angry,,,
1037,angry,,,
1038,angry,,,
1039,angry,,,
1040,fear,,,
1041,fear,,,
1042,fear,,,
1043,fear,,,
1044,fear,,,
1045,angry,,,
1046,angry,,,
1047,angry,,,
1048,angry,,,
1049,angry,,,
1050,neutral,,,
1051,neutral,,,
1052,neutral,,,
1053,neutral,,,
1054,neutral,,,
1055,fear,,,
1056,fear,,,
1057,fear,,,
1058,fear,,,
1059,fear,,,
1060,fear,,,
1061,fear,,,
1062,fear,,,
1063,fear,,,
1064,fear,,,
1065,fear,,,
1066,fear,,,
1067,fear,,,
1068,fear,,,
1069,fear,,,
1070,surprise,,,
1071,surprise,,,
1072,surprise,,,
1073,surprise,,,
1074,surprise,,,
1075,fear,,,
1076,fear,,,
1077,fear,,,
1078,fear,,,
1079,fear,,,
1080,fear,,,
1081,fear,,,
1082,fear,,,
1083,fear,,,
1084,fear,,,
1085,fear,,,
1086,fear,,,
1087,fear,,,
1088,fear,,,
1089,fear,,,
1090,happy,,,
1091,happy,,,
1092,happy,,,
1093,happy,,,
1094,happy,,,
1095,happy,,,
1096,happy,,,
1097,happy,,,
1098,happy,,,
1099,happy,,,
1100,happy,,,
1101,happy,,,
1102,happy,,,
1103,happy,,,
1104,happy,,,
1105,happy,,,
1106,happy,,,
1107,happy,,,
1108,happy,,,
1109,happy,,,
1110,happy,,,
1111,happy,,,
1112,happy,,,
1113,happy,,,
1114,happy,,,
1115,happy,,,
1116,happy,,,
1117,happy,,,
1118,happy,,,
1119,happy,,,
1120,fear,,,
1121,fear,,,
1122,fear,,,
1123,fear,,,
1124,fear,,,
1125,happy,,,
1126,happy,,,
1127,happy,,,
1128,happy,,,
1129,happy,,,
1130,happy,,,
1131,happy,,,
1132,happy,,,
1133,happy,,,
1134,happy,,,
1135,fear,,,
1136,fear,,,
1137,fear,,,
1138,fear,,,
1139,fear,,,
1140,fear,,,
1141,fear,,,
1142,fear,,,
1143,fear,,,
1144,fear,,,
1145,fear,,,
1146,fear,,,
1147,fear,,,
1148,fear,,,
1149,fear,,,
1150,fear,,,
1151,fear,,,
1152,fear,,,
1153,fear,,,
1154,fear,,,
1155,fear,,,
1156,fear,,,
1157,fear,,,
1158,fear,,,
1159,fear,,,
1160,fear,,,
1161,fear,,,
1162,fear,,,
1163,fear,,,
1164,fear,,,
1165,fear,,,
1166,fear,,,
1167,fear,,,
1168,fear,,,
1169,fear,,,
1170,fear,,,
1171,fear,,,
1172,fear,,,
1173,fear,,,
1174,fear,,,
1175,fear,,,
1176,fear,,,
1177,fear,,,
1178,fear,,,
1179,fear,,,
1180,fear,,,
1181,fear,,,
1182,fear,,,
1183,fear,,,
1184,fear,,,
1185,fear,,,
1186,fear,,,
1187,fear,,,
1188,fear,,,
1189,fear,,,
1190,fear,,,
1191,fear,,,
1192,fear,,,
1193,fear,,,
1194,fear,,,
1195,fear,,,
1196,fear,,,
1197,fear,,,
1198,fear,,,
1199,fear,,,
1200,fear,,,
1201,fear,,,
1202,fear,,,
1203,fear,,,
1204,fear,,,
1205,fear,,,
1206,fear,,,
1207,fear,,,
1208,fear,,,
1209,fear,,,
1210,happy,,,
1211,happy,,,
1212,happy,,,
1213,happy,,,
1214,happy,,,
1215,angry,,,
1216,angry,,,
1217,angry,,,
1218,angry,,,
1219,angry,,,
1220,fear,,,
1221,fear,,,
1222,fear,,,
1223,fear,,,
1224,fear,,,
1225,fear,,,
1226,fear,,,
1227,fear,,,
1228,fear,,,
1229,fear,,,
1230,fear,,,
1231,fear,,,
1232,fear,,,
1233,fear,,,
1234,fear,,,
1235,surprise,,,
1236,surprise,,,
1237,surprise,,,
1238,surprise,,,
1239,surprise,,,
1240,surprise,,,
1241,surprise,,,
1242,surprise,,,
1243,surprise,,,
1244,surprise,,,
1245,surprise,,,
1246,surprise,,,
1247,surprise,,,
1248,surprise,,,
1249,surprise,,,
1250,surprise,,,
1251,surprise,,,
1252,surprise,,,
1253,surprise,,,
1254,surprise,,,
1255,surprise,,,
1256,surprise,,,
1257,surprise,,,
1258,surprise,,,
1259,surprise,,,
1260,neutral,,,
1261,neutral,,,
1262,neutral,,,
1263,neutral,,,
1264,neutral,,,
1265,neutral,,,
1266,neutral,,,
1267,neutral,,,
1268,neutral,,,
1269,neutral,,,
1270,neutral,,,
1271,neutral,,,
1272,neutral,,,
1273,neutral,,,
1274,neutral,,,
1275,neutral,,,
1276,neutral,,,
1277,neutral,,,
1278,neutral,,,
1279,neutral,,,
1280,neutral,,,
1281,neutral,,,
1282,neutral,,,
1283,neutral,,,
1284,neutral,,,
1285,neutral,,,
1286,neutral,,,
1287,neutral,,,
1288,neutral,,,
1289,neutral,,,
1290,neutral,,,
1291,neutral,,,
1292,neutral,,,
1293,neutral,,,
1294,neutral,,,
1295,sad,,,
1296,sad,,,
1297,sad,,,
1298,sad,,,
1299,sad,,,
1300,neutral,,,
1301,neutral,,,
1302,neutral,,,
1303,neutral,,,
1304,neutral,,,
1305,happy,,,
1306,happy,,,
1307,happy,,,
1308,happy,,,
1309,happy,,,
1310,sad,,,
1311,sad,,,
1312,sad,,,
1313,sad,,,
1314,sad,,,
1315,sad,,,
1316,sad,,,
1317,sad,,,
1318,sad,,,
1319,sad,,,
1320,fear,,,
1321,fear,,,
1322,fear,,,
1323,fear,,,
1324,fear,,,
1325,sad,,,
1326,sad,,,
1327,sad,,,
1328,sad,,,
1329,sad,,,
1330,neutral,,,
1331,neutral,,,
1332,neutral,,,
1333,neutral,,,
1334,neutral,,,
1335,neutral,,,
1336,neutral,,,
1337,neutral,,,
1338,neutral,,,
1339,neutral,,,
1340,neutral,,,
1341,neutral,,,
1342,neutral,,,
1343,neutral,,,
1344,neutral,,,
1345,neutral,,,
1346,neutral,,,
1347,neutral,,,
1348,neutral,,,
1349,neutral,,,
1350,neutral,,,
1351,neutral,,,
1352,neutral,,,
1353,neutral,,,
1354,neutral,,,
1355,neutral,,,
1356,neutral,,,
1357,neutral,,,
1358,neutral,,,
1359,neutral,,,
1360,neutral,,,
1361,neutral,,,
1362,neutral,,,
1363,neutral,,,
1364,neutral,,,
1365,neutral,,,
1366,neutral,,,
1367,neutral,,,
1368,neutral,,,
1369,neutral,,,
1370,neutral,,,
1371,neutral,,,
1372,neutral,,,
1373,neutral,,,
1374,neutral,,,
1375,neutral,,,
1376,neutral,,,
1377,neutral,,,
1378,neutral,,,
1379,neutral,,,
1380,neutral,,,
1381,neutral,,,
1382,neutral,,,
1383,neutral,,,
1384,neutral,,,
1385,neutral,,,
1386,neutral,,,
1387,neutral,,,
1388,neutral,,,
1389,neutral,,,
1390,neutral,,,
1391,neutral,,,
1392,neutral,,,
1393,neutral,,,
1394,neutral,,,
1395,neutral,,,
1396,neutral,,,
1397,neutral,,,
1398,neutral,,,
1399,neutral,,,
1400,neutral,,,
1401,neutral,,,
1402,neutral,,,
1403,neutral,,,
1404,neutral,,,
1405,neutral,,,
1406,neutral,,,
1407,neutral,,,
1408,neutral,,,
1409,neutral,,,
1410,sad,,,
1411,sad,,,
1412,sad,,,
1413,sad,,,
1414,sad,,,
1415,neutral,,,
1416,neutral,,,
1417,neutral,,,
1418,neutral,,,
1419,neutral,,,
1420,sad,,,
1421,sad,,,
1422,sad,,,
1423,sad,,,
1424,sad,,,
1425,neutral,,,
1426,neutral,,,
1427,neutral,,,
1428,neutral,,,
1429,neutral,,,
1430,neutral,,,
1431,neutral,,,
1432,neutral,,,
1433,neutral,,,
1434,neutral,,,
1435,neutral,,,
1436,neutral,,,
1437,neutral,,,
1438,neutral,,,
1439,neutral,,,
1440,happy,,,
1441,happy,,,
1442,happy,,,
1443,happy,,,
1444,happy,,,
1445,happy,,,
1446,happy,,,
1447,happy,,,
1448,happy,,,
1449,happy,,,
1450,happy,,,
1451,happy,,,
1452,happy,,,
1453,happy,,,
1454,happy,,,
1455,happy,,,
1456,happy,,,
1457,happy,,,
1458,happy,,,
1459,happy,,,
1460,happy,,,
1461,happy,,,
1462,happy,,,
1463,happy,,,
1464,happy,,,
1465,happy,,,
1466,happy,,,
1467,happy,,,
1468,happy,,,
1469,happy,,,
1470,happy,,,
1471,happy,,,
1472,happy,,,
1473,happy,,,
1474,happy,,,
1475,happy,,,
1476,happy,,,
1477,happy,,,
1478,happy,,,
1479,happy,,,
1480,happy,,,
1481,happy,,,
1482,happy,,,
1483,happy,,,
1484,happy,,,
1485,happy,,,
1486,happy,,,
1487,happy,,,
1488,happy,,,
1489,happy,,,
1490,happy,,,
1491,happy,,,
1492,happy,,,
1493,happy,,,
1494,happy,,,
1495,happy,,,
1496,happy,,,
1497,happy,,,
1498,happy,,,
1499,happy,,,
1500,happy,,,
1501,happy,,,
1502,happy,,,
1503,happy,,,
1504,happy,,,
1505,happy,,,
1506,happy,,,
1507,happy,,,
1508,happy,,,
1509,happy,,,
1510,happy,,,
1511,happy,,,
1512,happy,,,
1513,happy,,,
1514,happy,,,
1515,happy,,,
1516,happy,,,
1517,happy,,,
1518,happy,,,
1519,happy,,,
1520,happy,,,
1521,happy,,,
1522,happy,,,
1523,happy,,,
1524,happy,,,
1525,happy,,,
1526,happy,,,
1527,happy,,,
1528,happy,,,
1529,happy,,,
1530,happy,,,
1531,happy,,,
1532,happy,,,
1533,happy,,,
1534,happy,,,
1535,happy,,,
1536,happy,,,
1537,happy,,,
1538,happy,,,
1539,happy,,,
1540,happy,,,
1541,happy,,,
1542,happy,,,
1543,happy,,,
1544,happy,,,
1545,happy,,,
1546,happy,,,
1547,happy,,,
1548,happy,,,
1549,happy,,,
1550,happy,,,
1551,happy,,,
1552,happy,,,
1553,happy,,,
1554,happy,,,
1555,happy,,,
1556,happy,,,
1557,happy,,,
1558,happy,,,
1559,happy,,,
1560,sad,,,
1561,sad,,,
1562,sad,,,
1563,sad,,,
1564,sad,,,
1565,sad,,,
1566,sad,,,
1567,sad,,,
1568,sad,,,
1569,sad,,,
1570,happy,,,
1571,happy,,,
1572,happy,,,
1573,happy,,,
1574,happy,,,
1575,happy,,,
1576,happy,,,
1577,happy,,,
1578,happy,,,
1579,happy,,,
1580,happy,,,
1581,happy,,,
1582,happy,,,
1583,happy,,,
1584,happy,,,
1585,happy,,,
1586,happy,,,
1587,happy,,,
1588,happy,,,
1589,happy,,,
1590,happy,,,
1591,happy,,,
1592,happy,,,
1593,happy,,,
1594,happy,,,
1595,happy,,,
1596,happy,,,
1597,happy,,,
1598,happy,,,
1599,happy,,,
1600,happy,,,
1601,happy,,,
1602,happy,,,
1603,happy,,,
1604,happy,,,
1605,happy,,,
1606,happy,,,
1607,happy,,,
1608,happy,,,
1609,happy,,,
1610,happy,,,
1611,happy,,,
1612,happy,,,
1613,happy,,,
1614,happy,,,
1615,happy,,,
1616,happy,,,
1617,happy,,,
1618,happy,,,
1619,happy,,,
1620,neutral,,,
1621,neutral,,,
1622,neutral,,,
1623,neutral,,,
1624,neutral,,,
1625,neutral,,,
1626,neutral,,,
1627,neutral,,,
1628,neutral,,,
1629,neutral,,,
1630,neutral,,,
1631,neutral,,,
1632,neutral,,,
1633,neutral,,,
1634,neutral,,,
1635,neutral,,,
1636,neutral,,,
1637,neutral,,,
1638,neutral,,,
1639,neutral,,,
1640,neutral,,,
1641,neutral,,,
1642,neutral,,,
1643,neutral,,,
1644,neutral,,,
1645,neutral,,,
1646,neutral,,,
1647,neutral,,,
1648,neutral,,,
1649,neutral,,,
1650,neutral,,,
1651,neutral,,,
1652,neutral,,,
1653,neutral,,,
1654,neutral,,,
1655,neutral,,,
1656,neutral,,,
1657,neutral,,,
1658,neutral,,,
1659,neutral,,,
1660,neutral,,,
1661,neutral,,,
1662,neutral,,,
1663,neutral,,,
1664,neutral,,,
1665,neutral,,,
1666,neutral,,,
1667,neutral,,,
1668,neutral,,,
1669,neutral,,,
1670,neutral,,,
1671,neutral,,,
1672,neutral,,,
1673,neutral,,,
1674,neutral,,,
1675,neutral,,,
1676,neutral,,,
1677,neutral,,,
1678,neutral,,,
1679,neutral,,,
1680,neutral,,,
1681,neutral,,,
1682,neutral,,,
1683,neutral,,,
1684,neutral,,,
1685,neutral,,,
1686,neutral,,,
1687,neutral,,,
1688,neutral,,,
1689,neutral,,,
1690,neutral,,,
1691,neutral,,,
1692,neutral,,,
1693,neutral,,,
1694,neutral,,,
1695,neutral,,,
1696,neutral,,,
1697,neutral,,,
1698,neutral,,,
1699,neutral,,,
1700,neutral,,,
1701,neutral,,,
1702,neutral,,,
1703,neutral,,,
1704,neutral,,,
1705,happy,,,
1706,happy,,,
1707,happy,,,
1708,happy,,,
1709,happy,,,
1710,fear,,,
1711,fear,,,
1712,fear,,,
1713,fear,,,
1714,fear,,,
1715,sad,,,
1716,sad,,,
1717,sad,,,
1718,sad,,,
1719,sad,,,
1720,sad,,,
1721,sad,,,
1722,sad,,,
1723,sad,,,
1724,sad,,,
1725,sad,,,
1726,sad,,,
1727,sad,,,
1728,sad,,,
1729,sad,,,
1730,fear,,,
1731,fear,,,
1732,fear,,,
1733,fear,,,
1734,fear,,,
1735,fear,,,
1736,fear,,,
1737,fear,,,
1738,fear,,,
1739,fear,,,
1740,fear,,,
1741,fear,,,
1742,fear,,,
1743,fear,,,
1744,fear,,,
1745,fear,,,
1746,fear,,,
1747,fear,,,
1748,fear,,,
1749,fear,,,
1750,fear,,,
1751,fear,,,
1752,fear,,,
1753,fear,,,
1754,fear,,,
1755,fear,,,
1756,fear,,,
1757,fear,,,
1758,fear,,,
1759,fear,,,
1760,fear,,,
1761,fear,,,
1762,fear,,,
1763,fear,,,
1764,fear,,,
1765,fear,,,
1766,fear,,,
1767,fear,,,
1768,fear,,,
1769,fear,,,
1770,fear,,,
1771,fear,,,
1772,fear,,,
1773,fear,,,
1774,fear,,,
1775,fear,,,
1776,fear,,,
1777,fear,,,
1778,fear,,,
1779,fear,,,
1780,sad,,,
1781,sad,,,
1782,sad,,,
1783,sad,,,
1784,sad,,,
1785,sad,,,
1786,sad,,,
1787,sad,,,
1788,sad,,,
1789,sad,,,
1790,sad,,,
1791,sad,,,
1792,sad,,,
1793,sad,,,
1794,sad,,,
1795,sad,,,
1796,sad,,,
1797,sad,,,
1798,sad,,,
1799,sad,,,
1800,sad,,,
1801,sad,,,
1802,sad,,,
1803,sad,,,
1804,sad,,,
1805,sad,,,
1806,sad,,,
1807,sad,,,
1808,sad,,,
1809,sad,,,
1810,sad,,,
1811,sad,,,
1812,sad,,,
1813,sad,,,
1814,sad,,,
1815,fear,,,
1816,fear,,,
1817,fear,,,
1818,fear,,,
1819,fear,,,
1820,sad,,,
1821,sad,,,
1822,sad,,,
1823,sad,,,
1824,sad,,,
1825,fear,,,
1826,fear,,,
1827,fear,,,
1828,fear,,,
1829,fear,,,
1830,angry,,,
1831,angry,,,
1832,angry,,,
1833,angry,,,
1834,angry,,,
1835,angry,,,
1836,angry,,,
1837,angry,,,
1838,angry,,,
1839,angry,,,
1840,angry,,,
1841,angry,,,
1842,angry,,,
1843,angry,,,
1844,angry,,,
1845,angry,,,
1846,angry,,,
1847,angry,,,
1848,angry,,,
1849,angry,,,
1850,angry,,,
1851,angry,,,
1852,angry,,,
1853,angry,,,
1854,angry,,,
1855,angry,,,
1856,angry,,,
1857,angry,,,
1858,angry,,,
1859,angry,,,
1860,angry,,,
1861,angry,,,
1862,angry,,,
1863,angry,,,
1864,angry,,,
1865,angry,,,
1866,angry,,,
1867,angry,,,
1868,angry,,,
1869,angry,,,
1870,fear,,,
1871,fear,,,
1872,fear,,,
1873,fear,,,
1874,fear,,,
1875,angry,,,
1876,angry,,,
1877,angry,,,
1878,angry,,,
1879,angry,,,
1880,angry,,,
1881,angry,,,
1882,angry,,,
1883,angry,,,
1884,angry,,,
1885,angry,,,
1886,angry,,,
1887,angry,,,
1888,angry,,,
1889,angry,,,
1890,fear,,,
1891,fear,,,
1892,fear,,,
1893,fear,,,
1894,fear,,,
1895,fear,,,
1896,fear,,,
1897,fear,,,
1898,fear,,,
1899,fear,,,
1900,fear,,,
1901,fear,,,
1902,fear,,,
1903,fear,,,
1904,fear,,,
1905,angry,,,
1906,angry,,,
1907,angry,,,
1908,angry,,,
1909,angry,,,
1910,angry,,,
1911,angry,,,
1912,angry,,,
1913,angry,,,
1914,angry,,,
1915,angry,,,
1916,angry,,,
1917,angry,,,
1918,angry,,,
1919,angry,,,
1920,angry,,,
1921,angry,,,
1922,angry,,,
1923,angry,,,
1924,angry,,,
1925,sad,,,
1926,sad,,,
1927,sad,,,
1928,sad,,,
1929,sad,,,
1930,sad,,,
1931,sad,,,
1932,sad,,,
1933,sad,,,
1934,sad,,,
1935,sad,,,
1936,sad,,,
1937,sad,,,
1938,sad,,,
1939,sad,,,
1940,sad,,,
1941,sad,,,
1942,sad,,,
1943,sad,,,
1944,sad,,,
1945,sad,,,
1946,sad,,,
1947,sad,,,
1948,sad,,,
1949,sad,,,
1950,neutral,,,
1951,neutral,,,
1952,neutral,,,
1953,neutral,,,
1954,neutral,,,
1955,neutral,,,
1956,neutral,,,
1957,neutral,,,
1958,neutral,,,
1959,neutral,,,
1960,sad,,,
1961,sad,,,
1962,sad,,,
1963,sad,,,
1964,sad,,,
1965,sad,,,
1966,sad,,,
1967,sad,,,
1968,sad,,,
1969,sad,,,
1970,sad,,,
1971,sad,,,
1972,sad,,,
1973,sad,,,
1974,sad,,,
1975,sad,,,
1976,sad,,,
1977,sad,,,
1978,sad,,,
1979,sad,,,
1980,neutral,,,
1981,neutral,,,
1982,neutral,,,
1983,neutral,,,
1984,neutral,,,
1985,sad,,,
1986,sad,,,
1987,sad,,,
1988,sad,,,
1989,sad,,,
1990,sad,,,
1991,sad,,,
1992,sad,,,
1993,sad,,,
1994,sad,,,
1995,sad,,,
1996,sad,,,
1997,sad,,,
1998,sad,,,
1999,sad,,,
2000,sad,,,
2001,sad,,,
2002,sad,,,
2003,sad,,,
2004,sad,,,
2005,sad,,,
2006,sad,,,
2007,sad,,,
2008,sad,,,
2009,sad,,,
2010,fear,,,
2011,fear,,,
2012,fear,,,
2013,fear,,,
2014,fear,,,
2015,fear,sad,,
2016,fear,sad,,
2017,fear,sad,,
2018,fear,sad,,
2019,fear,sad,,
2020,fear,neutral,,
2021,fear,neutral,,
2022,fear,neutral,,
2023,fear,neutral,,
2024,fear,neutral,,
2025,fear,surprise,,
2026,fear,surprise,,
2027,fear,surprise,,
2028,fear,surprise,,
2029,fear,surprise,,
2030,fear,neutral,,
2031,fear,neutral,,
2032,fear,neutral,,
2033,fear,neutral,,
2034,fear,neutral,,
2035,fear,,,
2036,fear,,,
2037,fear,,,
2038,fear,,,
2039,fear,,,
2040,fear,surprise,,
2041,fear,surprise,,
2042,fear,surprise,,
2043,fear,surprise,,
2044,fear,surprise,,
2045,fear,surprise,,
2046,fear,surprise,,
2047,fear,surprise,,
2048,fear,surprise,,
2049,fear,surprise,,
2050,fear,fear,,
2051,fear,fear,,
2052,fear,fear,,
2053,fear,fear,,
2054,fear,fear,,
2055,angry,surprise,,
2056,angry,surprise,,
2057,angry,surprise,,
2058,angry,surprise,,
2059,angry,surprise,,
2060,angry,surprise,,
2061,angry,surprise,,
2062,angry,surprise,,
2063,angry,surprise,,
2064,angry,surprise,,
2065,fear,surprise,,
2066,fear,surprise,,
2067,fear,surprise,,
2068,fear,surprise,,
2069,fear,surprise,,
2070,fear,happy,,
2071,fear,happy,,
2072,fear,happy,,
2073,fear,happy,,
2074,fear,happy,,
2075,fear,neutral,,
2076,fear,neutral,,
2077,fear,neutral,,
2078,fear,neutral,,
2079,fear,neutral,,
2080,angry,fear,,
2081,angry,fear,,
2082,angry,fear,,
2083,angry,fear,,
2084,angry,fear,,
2085,fear,neutral,,
2086,fear,neutral,,
2087,fear,neutral,,
2088,fear,neutral,,
2089,fear,neutral,,
2090,sad,surprise,,
2091,sad,surprise,,
2092,sad,surprise,,
2093,sad,surprise,,
2094,sad,surprise,,
2095,sad,sad,,
2096,sad,sad,,
2097,sad,sad,,
2098,sad,sad,,
2099,sad,sad,,
2100,happy,sad,,
2101,happy,sad,,
2102,happy,sad,,
2103,happy,sad,,
2104,happy,sad,,
2105,sad,sad,,
2106,sad,sad,,
2107,sad,sad,,
2108,sad,sad,,
2109,sad,sad,,
2110,surprise,neutral,,
2111,surprise,neutral,,
2112,surprise,neutral,,
2113,surprise,neutral,,
2114,surprise,neutral,,
2115,sad,surprise,,
2116,sad,surprise,,
2117,sad,surprise,,
2118,sad,surprise,,
2119,sad,surprise,,
2120,sad,fear,,
2121,sad,fear,,
2122,sad,fear,,
2123,sad,fear,,
2124,sad,fear,,
2125,neutral,neutral,,
2126,neutral,neutral,,
2127,neutral,neutral,,
2128,neutral,neutral,,
2129,neutral,neutral,,
2130,happy,neutral,,
2131,happy,neutral,,
2132,happy,neutral,,
2133,happy,neutral,,
2134,happy,neutral,,
2135,sad,neutral,,
2136,sad,neutral,,
2137,sad,neutral,,
2138,sad,neutral,,
2139,sad,neutral,,
2140,happy,neutral,,
2141,happy,neutral,,
2142,happy,neutral,,
2143,happy,neutral,,
2144,happy,neutral,,
2145,sad,sad,,
2146,sad,sad,,
2147,sad,sad,,
2148,sad,sad,,
2149,sad,sad,,
2150,sad,neutral,,
2151,sad,neutral,,
2152,sad,neutral,,
2153,sad,neutral,,
2154,sad,neutral,,
2155,sad,fear,,
2156,sad,fear,,
2157,sad,fear,,
2158,sad,fear,,
2159,sad,fear,,
2160,sad,happy,,
2161,sad,happy,,
2162,sad,happy,,
2163,sad,happy,,
2164,sad,happy,,
2165,sad,happy,,
2166,sad,happy,,
2167,sad,happy,,
2168,sad,happy,,
2169,sad,happy,,
2170,sad,sad,,
2171,sad,sad,,
2172,sad,sad,,
2173,sad,sad,,
2174,sad,sad,,
2175,sad,fear,,
2176,sad,fear,,
2177,sad,fear,,
2178,sad,fear,,
2179,sad,fear,,
2180,sad,fear,,
2181,sad,fear,,
2182,sad,fear,,
2183,sad,fear,,
2184,sad,fear,,
2185,sad,fear,,
2186,sad,fear,,
2187,sad,fear,,
2188,sad,fear,,
2189,sad,fear,,
2190,sad,neutral,,
2191,sad,neutral,,
2192,sad,neutral,,
2193,sad,neutral,,
2194,sad,neutral,,
2195,sad,neutral,,
2196,sad,neutral,,
2197,sad,neutral,,
2198,sad,neutral,,
2199,sad,neutral,,
2200,angry,neutral,,
2201,angry,neutral,,
2202,angry,neutral,,
2203,angry,neutral,,
2204,angry,neutral,,
2205,angry,neutral,,
2206,angry,neutral,,
2207,angry,neutral,,
2208,angry,neutral,,
2209,angry,neutral,,
2210,angry,neutral,,
2211,angry,neutral,,
2212,angry,neutral,,
2213,angry,neutral,,
2214,angry,neutral,,
2215,angry,,,
2216,angry,,,
2217,angry,,,
2218,angry,,,
2219,angry,,,
2220,angry,,,
2221,angry,,,
2222,angry,,,
2223,angry,,,
2224,angry,,,
2225,angry,,,
2226,angry,,,
2227,angry,,,
2228,angry,,,
2229,angry,,,
2230,angry,sad,,
2231,angry,sad,,
2232,angry,sad,,
2233,angry,sad,,
2234,angry,sad,,
2235,angry,sad,neutral,
2236,angry,sad,neutral,
2237,angry,sad,neutral,
2238,angry,sad,neutral,
2239,angry,sad,neutral,
2240,angry,neutral,,
2241,angry,neutral,,
2242,angry,neutral,,
2243,angry,neutral,,
2244,angry,neutral,,
2245,angry,sad,,
2246,angry,sad,,
2247,angry,sad,,
2248,angry,sad,,
2249,angry,sad,,
2250,angry,sad,,
2251,angry,sad,,
2252,angry,sad,,
2253,angry,sad,,
2254,angry,sad,,
2255,angry,sad,,
2256,angry,sad,,
2257,angry,sad,,
2258,angry,sad,,
2259,angry,sad,,
2260,angry,sad,,
2261,angry,sad,,
2262,angry,sad,,
2263,angry,sad,,
2264,angry,sad,,
2265,angry,sad,,
2266,angry,sad,,
2267,angry,sad,,
2268,angry,sad,,
2269,angry,sad,,
2270,sad,sad,,
2271,sad,sad,,
2272,sad,sad,,
2273,sad,sad,,
2274,sad,sad,,
2275,sad,sad,,
2276,sad,sad,,
2277,sad,sad,,
2278,sad,sad,,
2279,sad,sad,,
2280,neutral,sad,,
2281,neutral,sad,,
2282,neutral,sad,,
2283,neutral,sad,,
2284,neutral,sad,,
2285,sad,neutral,,
2286,sad,neutral,,
2287,sad,neutral,,
2288,sad,neutral,,
2289,sad,neutral,,
2290,sad,neutral,,
2291,sad,neutral,,
2292,sad,neutral,,
2293,sad,neutral,,
2294,sad,neutral,,
2295,fear,neutral,,
2296,fear,neutral,,
2297,fear,neutral,,
2298,fear,neutral,,
2299,fear,neutral,,
2300,fear,,,
2301,fear,,,
2302,fear,,,
2303,fear,,,
2304,fear,,,
2305,neutral,neutral,,
2306,neutral,neutral,,
2307,neutral,neutral,,
2308,neutral,neutral,,
2309,neutral,neutral,,
2310,neutral,fear,,
2311,neutral,fear,,
2312,neutral,fear,,
2313,neutral,fear,,
2314,neutral,fear,,
2315,fear,neutral,,
2316,fear,neutral,,
2317,fear,neutral,,
2318,fear,neutral,,
2319,fear,neutral,,
2320,neutral,neutral,,
2321,neutral,neutral,,
2322,neutral,neutral,,
2323,neutral,neutral,,
2324,neutral,neutral,,
2325,fear,,,
2326,fear,,,
2327,fear,,,
2328,fear,,,
2329,fear,,,
2330,neutral,,,
2331,neutral,,,
2332,neutral,,,
2333,neutral,,,
2334,neutral,,,
2335,neutral,sad,,
2336,neutral,sad,,
2337,neutral,sad,,
2338,neutral,sad,,
2339,neutral,sad,,
2340,neutral,neutral,,
2341,neutral,neutral,,
2342,neutral,neutral,,
2343,neutral,neutral,,
2344,neutral,neutral,,
2345,sad,sad,,
2346,sad,sad,,
2347,sad,sad,,
2348,sad,sad,,
2349,sad,sad,,
2350,fear,sad,,
2351,fear,sad,,
2352,fear,sad,,
2353,fear,sad,,
2354,fear,sad,,
2355,fear,neutral,,
2356,fear,neutral,,
2357,fear,neutral,,
2358,fear,neutral,,
2359,fear,neutral,,
2360,fear,neutral,,
2361,fear,neutral,,
2362,fear,neutral,,
2363,fear,neutral,,
2364,fear,neutral,,
2365,fear,neutral,,
2366,fear,neutral,,
2367,fear,neutral,,
2368,fear,neutral,,
2369,fear,neutral,,
2370,fear,,,
2371,fear,,,
2372,fear,,,
2373,fear,,,
2374,fear,,,
2375,neutral,,,
2376,neutral,,,
2377,neutral,,,
2378,neutral,,,
2379,neutral,,,
2380,neutral,,,
2381,neutral,,,
2382,neutral,,,
2383,neutral,,,
2384,neutral,,,
2385,neutral,,,
2386,neutral,,,
2387,neutral,,,
2388,neutral,,,
2389,neutral,,,
2390,fear,,,
2391,fear,,,
2392,fear,,,
2393,fear,,,
2394,fear,,,
2395,neutral,,,
2396,neutral,,,
2397,neutral,,,
2398,neutral,,,
2399,neutral,,,
2400,sad,neutral,fear,
2401,sad,neutral,fear,
2402,sad,neutral,fear,
2403,sad,neutral,fear,
2404,sad,neutral,fear,
2405,sad,sad,fear,
2406,sad,sad,fear,
2407,sad,sad,fear,
2408,sad,sad,fear,
2409,sad,sad,fear,
2410,sad,sad,neutral,
2411,sad,sad,neutral,
2412,sad,sad,neutral,
2413,sad,sad,neutral,
2414,sad,sad,neutral,
2415,sad,neutral,neutral,
2416,sad,neutral,neutral,
2417,sad,neutral,neutral,
2418,sad,neutral,neutral,
2419,sad,neutral,neutral,
2420,fear,neutral,angry,
2421,fear,neutral,angry,
2422,fear,neutral,angry,
2423,fear,neutral,angry,
2424,fear,neutral,angry,
2425,fear,neutral,angry,
2426,fear,neutral,angry,
2427,fear,neutral,angry,
2428,fear,neutral,angry,
2429,fear,neutral,angry,
2430,fear,neutral,fear,
2431,fear,neutral,fear,
2432,fear,neutral,fear,
2433,fear,neutral,fear,
2434,fear,neutral,fear,
2435,sad,neutral,angry,
2436,sad,neutral,angry,
2437,sad,neutral,angry,
2438,sad,neutral,angry,
2439,sad,neutral,angry,
2440,fear,angry,angry,
2441,fear,angry,angry,
2442,fear,angry,angry,
2443,fear,angry,angry,
2444,fear,angry,angry,
2445,sad,angry,angry,
2446,sad,angry,angry,
2447,sad,angry,angry,
2448,sad,angry,angry,
2449,sad,angry,angry,
2450,sad,angry,fear,
2451,sad,angry,fear,
2452,sad,angry,fear,
2453,sad,angry,fear,
2454,sad,angry,fear,
2455,neutral,angry,neutral,
2456,neutral,angry,neutral,
2457,neutral,angry,neutral,
2458,neutral,angry,neutral,
2459,neutral,angry,neutral,
2460,neutral,neutral,,
2461,neutral,neutral,,
2462,neutral,neutral,,
2463,neutral,neutral,,
2464,neutral,neutral,,
2465,neutral,neutral,neutral,
2466,neutral,neutral,neutral,
2467,neutral,neutral,neutral,
2468,neutral,neutral,neutral,
2469,neutral,neutral,neutral,
2470,neutral,neutral,,
2471,neutral,neutral,,
2472,neutral,neutral,,
2473,neutral,neutral,,
2474,neutral,neutral,,
2475,sad,neutral,,
2476,sad,neutral,,
2477,sad,neutral,,
2478,sad,neutral,,
2479,sad,neutral,,
2480,neutral,neutral,,
2481,neutral,neutral,,
2482,neutral,neutral,,
2483,neutral,neutral,,
2484,neutral,neutral,,
2485,sad,neutral,,
2486,sad,neutral,,
2487,sad,neutral,,
2488,sad,neutral,,
2489,sad,neutral,,
2490,sad,neutral,,
2491,sad,neutral,,
2492,sad,neutral,,
2493,sad,neutral,,
2494,sad,neutral,,
2495,sad,neutral,,
2496,sad,neutral,,
2497,sad,neutral,,
2498,sad,neutral,,
2499,sad,neutral,,
2500,sad,neutral,,
2501,sad,neutral,,
2502,sad,neutral,,
2503,sad,neutral,,
2504,sad,neutral,,
2505,sad,neutral,,
2506,sad,neutral,,
2507,sad,neutral,,
2508,sad,neutral,,
2509,sad,neutral,,
2510,sad,neutral,,
2511,sad,neutral,,
2512,sad,neutral,,
2513,sad,neutral,,
2514,sad,neutral,,
2515,sad,angry,,
2516,sad,angry,,
2517,sad,angry,,
2518,sad,angry,,
2519,sad,angry,,
2520,neutral,neutral,,
2521,neutral,neutral,,
2522,neutral,neutral,,
2523,neutral,neutral,,
2524,neutral,neutral,,
2525,fear,neutral,,
2526,fear,neutral,,
2527,fear,neutral,,
2528,fear,neutral,,
2529,fear,neutral,,
2530,fear,neutral,,
2531,fear,neutral,,
2532,fear,neutral,,
2533,fear,neutral,,
2534,fear,neutral,,
2535,fear,neutral,fear,
2536,fear,neutral,fear,
2537,fear,neutral,fear,
2538,fear,neutral,fear,
2539,fear,neutral,fear,
2540,neutral,neutral,neutral,
2541,neutral,neutral,neutral,
2542,neutral,neutral,neutral,
2543,neutral,neutral,neutral,
2544,neutral,neutral,neutral,
2545,neutral,neutral,neutral,
2546,neutral,neutral,neutral,
2547,neutral,neutral,neutral,
2548,neutral,neutral,neutral,
2549,neutral,neutral,neutral,
2550,sad,neutral,neutral,
2551,sad,neutral,neutral,
2552,sad,neutral,neutral,
2553,sad,neutral,neutral,
2554,sad,neutral,neutral,
2555,fear,neutral,neutral,
2556,fear,neutral,neutral,
2557,fear,neutral,neutral,
2558,fear,neutral,neutral,
2559,fear,neutral,neutral,
2560,sad,neutral,,
2561,sad,neutral,,
2562,sad,neutral,,
2563,sad,neutral,,
2564,sad,neutral,,
2565,sad,neutral,neutral,
2566,sad,neutral,neutral,
2567,sad,neutral,neutral,
2568,sad,neutral,neutral,
2569,sad,neutral,neutral,
2570,sad,neutral,sad,neutral,neutral
2571,sad,neutral,sad,neutral,neutral
2572,sad,neutral,sad,neutral,neutral
2573,sad,neutral,sad,neutral,neutral
2574,sad,neutral,sad,neutral,neutral
2575,sad,neutral,sad,neutral
2576,sad,neutral,sad,neutral
2577,sad,neutral,sad,neutral
2578,sad,neutral,sad,neutral
2579,sad,neutral,sad,neutral
2580,angry,fear,fear,neutral
2581,angry,fear,fear,neutral
2582,angry,fear,fear,neutral
2583,angry,fear,fear,neutral
2584,angry,fear,fear,neutral
2585,neutral,fear,neutral,neutral
2586,neutral,fear,neutral,neutral
2587,neutral,fear,neutral,neutral
2588,neutral,fear,neutral,neutral
2589,neutral,fear,neutral,neutral
2590,sad,neutral,neutral,neutral
2591,sad,neutral,neutral,neutral
2592,sad,neutral,neutral,neutral
2593,sad,neutral,neutral,neutral
2594,sad,neutral,neutral,neutral
2595,neutral,neutral,fear,neutral
2596,neutral,neutral,fear,neutral
2597,neutral,neutral,fear,neutral
2598,neutral,neutral,fear,neutral
2599,neutral,neutral,fear,neutral
2600,neutral,fear,fear,neutral
2601,neutral,fear,fear,neutral
2602,neutral,fear,fear,neutral
2603,neutral,fear,fear,neutral
2604,neutral,fear,fear,neutral
2605,neutral,fear,fear,fear
2606,neutral,fear,fear,fear
2607,neutral,fear,fear,fear
2608,neutral,fear,fear,fear
2609,neutral,fear,fear,fear
2610,fear,fear,fear,fear
2611,fear,fear,fear,fear
2612,fear,fear,fear,fear
2613,fear,fear,fear,fear
2614,fear,fear,fear,fear
2615,neutral,fear,fear,fear
2616,neutral,fear,fear,fear
2617,neutral,fear,fear,fear
2618,neutral,fear,fear,fear
2619,neutral,fear,fear,fear
2620,sad,fear,fear,neutral
2621,sad,fear,fear,neutral
2622,sad,fear,fear,neutral
2623,sad,fear,fear,neutral
2624,sad,fear,fear,neutral
2625,sad,neutral,fear,happy
2626,sad,neutral,fear,happy
2627,sad,neutral,fear,happy
2628,sad,neutral,fear,happy
2629,sad,neutral,fear,happy
2630,neutral,fear,fear,happy
2631,neutral,fear,fear,happy
2632,neutral,fear,fear,happy
2633,neutral,fear,fear,happy
2634,neutral,fear,fear,happy
2635,sad,fear,fear,neutral
2636,sad,fear,fear,neutral
2637,sad,fear,fear,neutral
2638,sad,fear,fear,neutral
2639,sad,fear,fear,neutral
2640,sad,fear,fear,happy
2641,sad,fear,fear,happy
2642,sad,fear,fear,happy
2643,sad,fear,fear,happy
2644,sad,fear,fear,happy
2645,neutral,fear,fear,neutral
2646,neutral,fear,fear,neutral
2647,neutral,fear,fear,neutral
2648,neutral,fear,fear,neutral
2649,neutral,fear,fear,neutral
2650,sad,fear,fear,neutral
2651,sad,fear,fear,neutral
2652,sad,fear,fear,neutral
2653,sad,fear,fear,neutral
2654,sad,fear,fear,neutral
2655,neutral,fear,fear,neutral
2656,neutral,fear,fear,neutral
2657,neutral,fear,fear,neutral
2658,neutral,fear,fear,neutral
2659,neutral,fear,fear,neutral
2660,neutral,fear,fear,neutral
2661,neutral,fear,fear,neutral
2662,neutral,fear,fear,neutral
2663,neutral,fear,fear,neutral
2664,neutral,fear,fear,neutral
2665,fear,fear,fear,neutral
2666,fear,fear,fear,neutral
2667,fear,fear,fear,neutral
2668,fear,fear,fear,neutral
2669,fear,fear,fear,neutral
2670,fear,fear,fear,neutral
2671,fear,fear,fear,neutral
2672,fear,fear,fear,neutral
2673,fear,fear,fear,neutral
2674,fear,fear,fear,neutral
2675,fear,fear,fear,happy
2676,fear,fear,fear,happy
2677,fear,fear,fear,happy
2678,fear,fear,fear,happy
2679,fear,fear,fear,happy
2680,fear,fear,fear,neutral
2681,fear,fear,fear,neutral
2682,fear,fear,fear,neutral
2683,fear,fear,fear,neutral
2684,fear,fear,fear,neutral
2685,fear,fear,fear,neutral
2686,fear,fear,fear,neutral
2687,fear,fear,fear,neutral
2688,fear,fear,fear,neutral
2689,fear,fear,fear,neutral
2690,fear,fear,fear,neutral
2691,fear,fear,fear,neutral
2692,fear,fear,fear,neutral
2693,fear,fear,fear,neutral
2694,fear,fear,fear,neutral
2695,fear,fear,fear,fear
2696,fear,fear,fear,fear
2697,fear,fear,fear,fear
2698,fear,fear,fear,fear
2699,fear,fear,fear,fear
2700,fear,fear,fear,happy
2701,fear,fear,fear,happy
2702,fear,fear,fear,happy
2703,fear,fear,fear,happy
2704,fear,fear,fear,happy
2705,fear,fear,fear,happy
2706,fear,fear,fear,happy
2707,fear,fear,fear,happy
2708,fear,fear,fear,happy
2709,fear,fear,fear,happy
2710,fear,fear,fear,fear
2711,fear,fear,fear,fear
2712,fear,fear,fear,fear
2713,fear,fear,fear,fear
2714,fear,fear,fear,fear
2715,fear,fear,fear,fear
2716,fear,fear,fear,fear
2717,fear,fear,fear,fear
2718,fear,fear,fear,fear
2719,fear,fear,fear,fear
2720,fear,fear,fear,fear
2721,fear,fear,fear,fear
2722,fear,fear,fear,fear
2723,fear,fear,fear,fear
2724,fear,fear,fear,fear
2725,fear,fear,fear,neutral
2726,fear,fear,fear,neutral
2727,fear,fear,fear,neutral
2728,fear,fear,fear,neutral
2729,fear,fear,fear,neutral
2730,fear,fear,fear,neutral
2731,fear,fear,fear,neutral
2732,fear,fear,fear,neutral
2733,fear,fear,fear,neutral
2734,fear,fear,fear,neutral
2735,fear,fear,fear,neutral
2736,fear,fear,fear,neutral
2737,fear,fear,fear,neutral
2738,fear,fear,fear,neutral
2739,fear,fear,fear,neutral
2740,fear,fear,fear,neutral
2741,fear,fear,fear,neutral
2742,fear,fear,fear,neutral
2743,fear,fear,fear,neutral
2744,fear,fear,fear,neutral
2745,fear,fear,fear,neutral
2746,fear,fear,fear,neutral
2747,fear,fear,fear,neutral
2748,fear,fear,fear,neutral
2749,fear,fear,fear,neutral
2750,fear,fear,fear,neutral
2751,fear,fear,fear,neutral
2752,fear,fear,fear,neutral
2753,fear,fear,fear,neutral
2754,fear,fear,fear,neutral
2755,fear,fear,fear,happy
2756,fear,fear,fear,happy
2757,fear,fear,fear,happy
2758,fear,fear,fear,happy
2759,fear,fear,fear,happy
2760,fear,,,
2761,fear,,,
2762,fear,,,
2763,fear,,,
2764,fear,,,
2765,fear,,,
2766,fear,,,
2767,fear,,,
2768,fear,,,
2769,fear,,,
2770,fear,,,
2771,fear,,,
2772,fear,,,
2773,fear,,,
2774,fear,,,
2775,fear,,,
2776,fear,,,
2777,fear,,,
2778,fear,,,
2779,fear,,,
2780,fear,,,
2781,fear,,,
2782,fear,,,
2783,fear,,,
2784,fear,,,
2785,fear,,,
2786,fear,,,
2787,fear,,,
2788,fear,,,
2789,fear,,,
2790,fear,,,
2791,fear,,,
2792,fear,,,
2793,fear,,,
2794,fear,,,
2795,fear,,,
2796,fear,,,
2797,fear,,,
2798,fear,,,
2799,fear,,,
2800,fear,,,
2801,fear,,,
2802,fear,,,
2803,fear,,,
2804,fear,,,
2805,fear,,,
2806,fear,,,
2807,fear,,,
2808,fear,,,
2809,fear,,,
2810,fear,,,
2811,fear,,,
2812,fear,,,
2813,fear,,,
2814,fear,,,
2815,fear,,,
2816,fear,,,
2817,fear,,,
2818,fear,,,
2819,fear,,,
2820,fear,,,
2821,fear,,,
2822,fear,,,
2823,fear,,,
2824,fear,,,
2825,fear,,,
2826,fear,,,
2827,fear,,,
2828,fear,,,
2829,fear,,,
2830,fear,,,
2831,fear,,,
2832,fear,,,
2833,fear,,,
2834,fear,,,
2835,fear,,,
2836,fear,,,
2837,fear,,,
2838,fear,,,
2839,fear,,,
2840,fear,,,
2841,fear,,,
2842,fear,,,
2843,fear,,,
2844,fear,,,
2845,neutral,,,
2846,neutral,,,
2847,neutral,,,
2848,neutral,,,
2849,neutral,,,
2850,neutral,,,
2851,neutral,,,
2852,neutral,,,
2853,neutral,,,
2854,neutral,,,
2855,neutral,,,
2856,neutral,,,
2857,neutral,,,
2858,neutral,,,
2859,neutral,,,
2860,sad,neutral,,
2861,sad,neutral,,
2862,sad,neutral,,
2863,sad,neutral,,
2864,sad,neutral,,
2865,,,,
2866,,,,
2867,,,,
2868,,,,
2869,,,,
2870,,,,
2871,,,,
2872,,,,
2873,,,,
2874,,,,
2875,,,,
2876,,,,
2877,,,,
2878,,,,
2879,,,,
2880,,,,
2881,,,,
2882,,,,
2883,,,,
2884,,,,
2885,,,,
2886,,,,
2887,,,,
2888,,,,
2889,,,,
2890,,,,
2891,,,,
2892,,,,
2893,,,,
2894,,,,
2895,,,,
2896,,,,
2897,,,,
2898,,,,
2899,,,,
2900,,,,
2901,,,,
2902,,,,
2903,,,,
2904,,,,
2905,,,,
2906,,,,
2907,,,,
2908,,,,
2909,,,,
2910,,,,
2911,,,,
2912,,,,
2913,,,,
2914,,,,
2915,,,,
2916,,,,
2917,,,,
2918,,,,
2919,,,,
2920,,,,
2921,,,,
2922,,,,
2923,,,,
2924,,,,
2925,neutral,,,
2926,neutral,,,
2927,neutral,,,
2928,neutral,,,
2929,neutral,,,
2930,neutral,,,
2931,neutral,,,
2932,neutral,,,
2933,neutral,,,
2934,neutral,,,
2935,sad,,,
2936,sad,,,
2937,sad,,,
2938,sad,,,
2939,sad,,,
2940,,,,
2941,,,,
2942,,,,
2943,,,,
2944,,,,
2945,,,,
2946,,,,
2947,,,,
2948,,,,
2949,,,,
2950,,,,
2951,,,,
2952,,,,
2953,,,,
2954,,,,
2955,,,,
2956,,,,
2957,,,,
2958,,,,
2959,,,,
2960,,,,
2961,,,,
2962,,,,
2963,,,,
2964,,,,
2965,,,,
2966,,,,
2967,,,,
2968,,,,
2969,,,,
2970,,,,
2971,,,,
2972,,,,
2973,,,,
2974,,,,
2975,,,,
2976,,,,
2977,,,,
2978,,,,
2979,,,,
2980,,,,
2981,,,,
2982,,,,
2983,,,,
2984,,,,
2985,,,,
2986,,,,
2987,,,,
2988,,,,
2989,,,,
2990,,,,
2991,,,,
2992,,,,
2993,,,,
2994,,,,
2995,,,,
2996,,,,
2997,,,,
2998,,,,
2999,,,,
3000,,,,
3001,,,,
3002,,,,
3003,,,,
3004,,,,
3005,,,,
3006,,,,
3007,,,,
3008,,,,
3009,,,,
3010,,,,
3011,,,,
3012,,,,
3013,,,,
3014,,,,
3015,,,,
3016,,,,
3017,,,,
3018,,,,
3019,,,,
3020,,,,
3021,,,,
3022,,,,
3023,,,,
3024,,,,
3025,,,,
3026,,,,
3027,,,,
3028,,,,
3029,,,,
3030,,,,
3031,,,,
3032,,,,
3033,,,,
3034,,,,
3035,,,,
3036,,,,
3037,,,,
3038,,,,
3039,,,,
3040,,,,
3041,,,,
3042,,,,
3043,,,,
3044,,,,
3045,,,,
3046,,,,
3047,,,,
3048,,,,
3049,,,,
3050,sad,,,
3051,sad,,,
3052,sad,,,
3053,sad,,,
3054,sad,,,
3055,,,,
3056,,,,
3057,,,,
3058,,,,
3059,,,,
3060,,,,
3061,,,,
3062,,,,
3063,,,,
3064,,,,
3065,,,,
3066,,,,
3067,,,,
3068,,,,
3069,,,,
3070,,,,
3071,,,,
3072,,,,
3073,,,,
3074,,,,
3075,,,,
3076,,,,
3077,,,,
3078,,,,
3079,,,,
3080,,,,
3081,,,,
3082,,,,
3083,,,,
3084,,,,
3085,,,,
3086,,,,
3087,,,,
3088,,,,
3089,,,,
3090,,,,
3091,,,,
3092,,,,
3093,,,,
3094,,,,
3095,,,,
3096,,,,
3097,,,,
3098,,,,
3099,,,,
3100,,,,
3101,,,,
3102,,,,
3103,,,,
3104,,,,
3105,neutral,,,
3106,neutral,,,
3107,neutral,,,
3108,neutral,,,
3109,neutral,,,
3110,happy,,,
3111,happy,,,
3112,happy,,,
3113,happy,,,
3114,happy,,,
3115,,,,
3116,,,,
3117,,,,
3118,,,,
3119,,,,
3120,sad,sad,neutral,happy,neutral
3121,sad,sad,neutral,happy,neutral
3122,sad,sad,neutral,happy,neutral
3123,sad,sad,neutral,happy,neutral
3124,sad,sad,neutral,happy,neutral
3125,sad,sad,happy,neutral,neutral
3126,sad,sad,happy,neutral,neutral
3127,sad,sad,happy,neutral,neutral
3128,sad,sad,happy,neutral,neutral
3129,sad,sad,happy,neutral,neutral
3130,sad,neutral,sad,happy,neutral
3131,sad,neutral,sad,happy,neutral
3132,sad,neutral,sad,happy,neutral
3133,sad,neutral,sad,happy,neutral
3134,sad,neutral,sad,happy,neutral
3135,sad,neutral,neutral,happy,neutral
3136,sad,neutral,neutral,happy,neutral
3137,sad,neutral,neutral,happy,neutral
3138,sad,neutral,neutral,happy,neutral
3139,sad,neutral,neutral,happy,neutral
3140,happy,neutral,sad,neutral,neutral
3141,happy,neutral,sad,neutral,neutral
3142,happy,neutral,sad,neutral,neutral
3143,happy,neutral,sad,neutral,neutral
3144,happy,neutral,sad,neutral,neutral
3145,happy,neutral,sad,neutral,neutral
3146,happy,neutral,sad,neutral,neutral
3147,happy,neutral,sad,neutral,neutral
3148,happy,neutral,sad,neutral,neutral
3149,happy,neutral,sad,neutral,neutral
3150,happy,neutral,sad,neutral,neutral
3151,happy,neutral,sad,neutral,neutral
3152,happy,neutral,sad,neutral,neutral
3153,happy,neutral,sad,neutral,neutral
3154,happy,neutral,sad,neutral,neutral
3155,happy,sad,neutral,neutral,neutral
3156,happy,sad,neutral,neutral,neutral
3157,happy,sad,neutral,neutral,neutral
3158,happy,sad,neutral,neutral,neutral
3159,happy,sad,neutral,neutral,neutral
3160,happy,neutral,neutral,neutral,neutral
3161,happy,neutral,neutral,neutral,neutral
3162,happy,neutral,neutral,neutral,neutral
3163,happy,neutral,neutral,neutral,neutral
3164,happy,neutral,neutral,neutral,neutral
3165,happy,sad,neutral,neutral,neutral
3166,happy,sad,neutral,neutral,neutral
3167,happy,sad,neutral,neutral,neutral
3168,happy,sad,neutral,neutral,neutral
3169,happy,sad,neutral,neutral,neutral
3170,happy,neutral,neutral,neutral,neutral
3171,happy,neutral,neutral,neutral,neutral
3172,happy,neutral,neutral,neutral,neutral
3173,happy,neutral,neutral,neutral,neutral
3174,happy,neutral,neutral,neutral,neutral
3175,happy,neutral,neutral,neutral,neutral
3176,happy,neutral,neutral,neutral,neutral
3177,happy,neutral,neutral,neutral,neutral
3178,happy,neutral,neutral,neutral,neutral
3179,happy,neutral,neutral,neutral,neutral
3180,happy,neutral,neutral,neutral
3181,happy,neutral,neutral,neutral
3182,happy,neutral,neutral,neutral
3183,happy,neutral,neutral,neutral
3184,happy,neutral,neutral,neutral
3185,neutral,happy,neutral,neutral
3186,neutral,happy,neutral,neutral
3187,neutral,happy,neutral,neutral
3188,neutral,happy,neutral,neutral
3189,neutral,happy,neutral,neutral
3190,happy,neutral,neutral,neutral
3191,happy,neutral,neutral,neutral
3192,happy,neutral,neutral,neutral
3193,happy,neutral,neutral,neutral
3194,happy,neutral,neutral,neutral
3195,happy,sad,neutral,neutral
3196,happy,sad,neutral,neutral
3197,happy,sad,neutral,neutral
3198,happy,sad,neutral,neutral
3199,happy,sad,neutral,neutral
3200,happy,neutral,sad,neutral
3201,happy,neutral,sad,neutral
3202,happy,neutral,sad,neutral
3203,happy,neutral,sad,neutral
3204,happy,neutral,sad,neutral
3205,happy,angry,neutral,neutral
3206,happy,angry,neutral,neutral
3207,happy,angry,neutral,neutral
3208,happy,angry,neutral,neutral
3209,happy,angry,neutral,neutral
3210,happy,sad,neutral,neutral
3211,happy,sad,neutral,neutral
3212,happy,sad,neutral,neutral
3213,happy,sad,neutral,neutral
3214,happy,sad,neutral,neutral
3215,happy,neutral,fear,neutral
3216,happy,neutral,fear,neutral
3217,happy,neutral,fear,neutral
3218,happy,neutral,fear,neutral
3219,happy,neutral,fear,neutral
3220,happy,neutral,neutral,neutral
3221,happy,neutral,neutral,neutral
3222,happy,neutral,neutral,neutral
3223,happy,neutral,neutral,neutral
3224,happy,neutral,neutral,neutral
3225,happy,neutral,angry,fear
3226,happy,neutral,angry,fear
3227,happy,neutral,angry,fear
3228,happy,neutral,angry,fear
3229,happy,neutral,angry,fear
3230,happy,neutral,neutral,angry
3231,happy,neutral,neutral,angry
3232,happy,neutral,neutral,angry
3233,happy,neutral,neutral,angry
3234,happy,neutral,neutral,angry
3235,happy,neutral,angry,neutral,happy
3236,happy,neutral,angry,neutral,happy
3237,happy,neutral,angry,neutral,happy
3238,happy,neutral,angry,neutral,happy
3239,happy,neutral,angry,neutral,happy
3240,happy,neutral,angry,fear,fear
3241,happy,neutral,angry,fear,fear
3242,happy,neutral,angry,fear,fear
3243,happy,neutral,angry,fear,fear
3244,happy,neutral,angry,fear,fear
3245,happy,neutral,neutral,surprise,fear
3246,happy,neutral,neutral,surprise,fear
3247,happy,neutral,neutral,surprise,fear
3248,happy,neutral,neutral,surprise,fear
3249,happy,neutral,neutral,surprise,fear
3250,happy,neutral,sad,neutral,fear
3251,happy,neutral,sad,neutral,fear
3252,happy,neutral,sad,neutral,fear
3253,happy,neutral,sad,neutral,fear
3254,happy,neutral,sad,neutral,fear
3255,happy,sad,fear,neutral,fear
3256,happy,sad,fear,neutral,fear
3257,happy,sad,fear,neutral,fear
3258,happy,sad,fear,neutral,fear
3259,happy,sad,fear,neutral,fear
3260,happy,neutral,fear,neutral,fear
3261,happy,neutral,fear,neutral,fear
3262,happy,neutral,fear,neutral,fear
3263,happy,neutral,fear,neutral,fear
3264,happy,neutral,fear,neutral,fear
3265,happy,neutral,fear,neutral,fear
3266,happy,neutral,fear,neutral,fear
3267,happy,neutral,fear,neutral,fear
3268,happy,neutral,fear,neutral,fear
3269,happy,neutral,fear,neutral,fear
3270,happy,neutral,fear,neutral,fear
3271,happy,neutral,fear,neutral,fear
3272,happy,neutral,fear,neutral,fear
3273,happy,neutral,fear,neutral,fear
3274,happy,neutral,fear,neutral,fear
3275,happy,fear,happy,sad,neutral
3276,happy,fear,happy,sad,neutral
3277,happy,fear,happy,sad,neutral
3278,happy,fear,happy,sad,neutral
3279,happy,fear,happy,sad,neutral
3280,happy,fear,happy,neutral,fear
3281,happy,fear,happy,neutral,fear
3282,happy,fear,happy,neutral,fear
3283,happy,fear,happy,neutral,fear
3284,happy,fear,happy,neutral,fear
3285,happy,fear,angry,fear,neutral
3286,happy,fear,angry,fear,neutral
3287,happy,fear,angry,fear,neutral
3288,happy,fear,angry,fear,neutral
3289,happy,fear,angry,fear,neutral
3290,happy,happy,neutral,neutral,sad
3291,happy,happy,neutral,neutral,sad
3292,happy,happy,neutral,neutral,sad
3293,happy,happy,neutral,neutral,sad
3294,happy,happy,neutral,neutral,sad
3295,happy,happy,neutral,neutral,fear
3296,happy,happy,neutral,neutral,fear
3297,happy,happy,neutral,neutral,fear
3298,happy,happy,neutral,neutral,fear
3299,happy,happy,neutral,neutral,fear
3300,angry,,,
3301,angry,,,
3302,angry,,,
3303,angry,,,
3304,angry,,,
3305,angry,,,
3306,angry,,,
3307,angry,,,
3308,angry,,,
3309,angry,,,
3310,angry,,,
3311,angry,,,
3312,angry,,,
3313,angry,,,
3314,angry,,,
3315,happy,,,
3316,happy,,,
3317,happy,,,
3318,happy,,,
3319,happy,,,
3320,happy,,,
3321,happy,,,
3322,happy,,,
3323,happy,,,
3324,happy,,,
3325,angry,,,
